61	1	10	bookshelf
61	2	10	bookshelf
61	4	3	healing machine
61	7	10	bookshelf
61	8	4	starter Pokémon machine (Poké Balls)
61	8	10	bookshelf
61	9	10	bookshelf
61	10	10	bookshelf
61	11	10	bookshelf
61	12	10	bookshelf
63	5	3	TV
63	6	3	TV
63	8	3	sink
63	11	3	fridge
64	6	4	PC
64	8	4	game console
86	6	10	desk
86	7	10	desk
159	9	6	bookshelf
164	6	3	radio
196	11	3	machine
196	12	3	machine
196	13	3	machine
199	2	49	picture
199	5	49	picture
199	5	55	picture
199	7	49	picture
199	7	55	picture
199	9	49	picture
199	9	55	picture
199	11	49	picture
199	11	55	picture
199	13	49	picture
199	13	55	picture
248	28	16	radio
248	29	16	radio
248	30	16	radio
248	31	16	radio
248	32	16	radio
248	33	16	radio
272	46	48	statue
272	46	49	statue
272	47	48	statue
272	47	49	statue
281	5	7	machine
284	2	10	picture
284	12	3	picture
284	13	3	picture
284	14	3	picture
287	4	10	statue
287	7	5	statue
287	7	8	statue
287	10	10	statue
298	7	3	radio
321	10	3	bookshelf
321	11	3	bookshelf
365	2	13	trash can
365	2	15	trash can
365	2	17	trash can
365	4	13	trash can
365	4	15	trash can
365	4	17	trash can
365	6	13	trash can
365	6	15	trash can
365	6	17	trash can
365	8	13	trash can
365	8	15	trash can
365	8	17	trash can
365	10	13	trash can
365	10	15	trash can
365	10	17	trash can
375	15	3	machine
375	19	3	machine
375	20	3	machine
378	5	8	bookshelf
378	5	12	bookshelf
378	6	12	bookshelf
378	10	8	bookshelf
378	10	12	bookshelf
378	11	8	bookshelf
378	11	12	bookshelf
378	14	9	desk
378	14	12	desk
378	15	9	desk
378	15	12	desk
384	6	4	PC
384	8	4	game console
405	10	4	flowers
439	6	2	radio
471	1	11	bookshelf
471	2	11	bookshelf
471	5	9	plant
471	5	10	plant
471	5	11	plant
471	6	11	plant
471	7	11	plant
471	24	5	bookshelf
471	25	5	bookshelf
471	26	5	bookshelf
471	27	5	bookshelf
505	1	11	bookshelf
505	2	11	bookshelf
505	3	11	bookshelf
505	4	11	bookshelf
505	5	3	PC
505	11	3	bookshelf
505	11	11	bookshelf
505	12	3	bookshelf
505	12	11	bookshelf
505	13	3	bookshelf
505	13	11	bookshelf
505	14	3	bookshelf
505	14	11	bookshelf
506	5	3	game console
507	7	3	game console
